{
    "n=$10": {
        "left": {
            "number of samples": 256,
            "mean": 0.576171875,
            "median": 0.5,
            "stdev": 0.3997285767230304,
            "skewness": 0.26356344244776936,
            "min": 0,
            "max": 1.5,
            "mode": 0
        },
        "right": {
            "number of samples": 256,
            "mean": 0.665625,
            "median": 0.7,
            "stdev": 0.41063079165939753,
            "skewness": -0.06847091415855332,
            "min": 0,
            "max": 1.9,
            "mode": 0
        }
    },
    "n=$30": {
        "left": {
            "number of samples": 386,
            "mean": 2.429188255613126,
            "median": 2.466666666666667,
            "stdev": 0.594025159893163,
            "skewness": -0.21371483212089737,
            "min": 0.8999999999999999,
            "max": 4.133333333333334,
            "mode": 2.2333333333333334
        },
        "right": {
            "number of samples": 386,
            "mean": 2.657167530224525,
            "median": 2.7,
            "stdev": 0.600107380602189,
            "skewness": -0.22874900752486366,
            "min": 0.8999999999999999,
            "max": 4.300000000000001,
            "mode": 2.7666666666666666
        }
    },
    "n=$100": {
        "left": {
            "number of samples": 291,
            "mean": 8.464158075601375,
            "median": 8.47,
            "stdev": 1.201858142883591,
            "skewness": -0.07393052451870477,
            "min": 5.5600000000000005,
            "max": 11.45,
            "mode": 8.24
        },
        "right": {
            "number of samples": 291,
            "mean": 8.809965635738832,
            "median": 8.87,
            "stdev": 1.1973374191792177,
            "skewness": -0.010761695243573916,
            "min": 5.409999999999999,
            "max": 11.97,
            "mode": 8.95
        }
    },
    "n=$200": {
        "left": {
            "number of samples": 92,
            "mean": 16.390597826086957,
            "median": 16.3575,
            "stdev": 1.6911417305957106,
            "skewness": -0.06168896612171849,
            "min": 12.350000000000001,
            "max": 20.41,
            "mode": 15.765000000000002
        },
        "right": {
            "number of samples": 92,
            "mean": 16.839945652173913,
            "median": 16.89,
            "stdev": 1.8404461497095992,
            "skewness": 0.027393910665942607,
            "min": 13.004999999999997,
            "max": 21.474999999999998,
            "mode": 17.44
        }
    },
    "n=$300": {
        "left": {
            "number of samples": 13,
            "mean": 25.296153846153846,
            "median": 25.12,
            "stdev": 1.8292084131676791,
            "skewness": 0.7542387629601022,
            "min": 22.180000000000003,
            "max": 29.61333333333334,
            "mode": 25.633333333333333
        },
        "right": {
            "number of samples": 13,
            "mean": 25.95102564102564,
            "median": 26.186666666666664,
            "stdev": 1.8932630975897575,
            "skewness": -0.17631370246034928,
            "min": 21.96666666666666,
            "max": 29.58333333333333,
            "mode": 27.543333333333344
        }
    }
}