{"mean": 0.15002565715990956, "stdev": 0.015267277615127584}