{"mean": 0.19385475736200605, "stdev": 0.01751847556263952}