{"mean": 0.15791506587363172, "stdev": 0.012596934568947026}